1|1|1|Bro bro bro broBro bro bro broBro bro bro broBro bro bro broBro bro bro bro|28/05/2023 22:22|Re: Thread1|True
2|1|1|Bruh spinzoaBruh spinzoaBruh spinzoaBruh spinzoaBruh spinzoaBruh spinzoaBruh spinzoaBruh spinzoaBruh spinzoaBruh spinzoaBruh spinzoaBruh spinzoaBruh spinzoaBruh spinzoaBruh spinzoaBruh spinzoaBruh spinzoaBruh spinzoaBruh spinzoaBruh spinzoaBruh spinzoaBruh spinzoaBruh spinzoaBruh spinzoaBruh spinzoaBruh spinzoaBruh spinzoaBruh spinzoaBruh spinzoaBruh spinzoaBruh spinzoaBruh spinzoaBruh spinzoaBruh spinzoaBruh spinzoaBruh spinzoaBruh spinzoaBruh spinzoaBruh spinzoaBruh spinzoaBruh spinzoaBruh spinzoaBruh spinzoaBruh spinzoaBruh spinzoaBruh spinzoaBruh spinzoaBruh spinzoaBruh spinzoaBruh spinzoaBruh spinzoaBruh spinzoaBruh spinzoaBruh spinzoaBruh spinzoaBruh spinzoaBruh spinzoaBruh spinzoaBruh spinzoaBruh spinzoaBruh spinzoaBruh spinzoaBruh spinzoaBruh spinzoaBruh spinzoaBruh spinzoaBruh spinzoaBruh spinzoaBruh spinzoaBruh spinzoaBruh spinzoaBruh spinzoaBruh spinzoaBruh spinzoaBruh spinzoaBruh spinzoaBruh spinzoaBruh spinzoaBruh spinzoaBruh spinzoaBruh spinzoaBruh spinzoaBruh spinzoaBruh spinzoaBruh spinzoaBruh spinzoaBruh spinzoaBruh spinzoaBruh spinzoaBruh spinzoa|28/05/2023 22:24|Re: Thread1|True
3|1|1|rberb|28/05/2023 22:25|Re: Thread1|True
4|3|1|Niggaz|05/06/2023 19:59|Temisoara Kowabunga|True
5|1|1|rberb|28/05/2023 22:25|Re: Thread1|True
6|1|1|rberb|28/05/2023 22:25|Re: Thread1|True
7|1|1|rberb|28/05/2023 22:25|Re: Thread1|True
8|1|1|rberb|28/05/2023 22:25|Re: Thread1|True
9|1|1|rberb|28/05/2023 22:25|Re: Thread1|True
10|1|1|rberb|28/05/2023 22:25|Re: Thread1|True
11|1|1|rberb|28/05/2023 22:25|Re: Thread1|True
12|1|1|rberb|28/05/2023 22:25|Re: Thread1|True
13|1|1|rberb|28/05/2023 22:25|Re: Thread1|True
14|1|1|rberb|28/05/2023 22:25|Re: Thread1|True
15|1|1|rberb|28/05/2023 22:25|Re: Thread1|True
16|1|1|rberb|28/05/2023 22:25|Re: Thread1|True
17|1|1|rberb|28/05/2023 22:25|Re: Thread1|True
18|1|1|rberb|28/05/2023 22:25|Re: Thread1|True
19|1|1|rberb|28/05/2023 22:25|Re: Thread1|True
20|1|1|rberb|28/05/2023 22:25|Re: Thread1|True
21|1|1|rberb|28/05/2023 22:25|Re: Thread1|True
22|1|1|ThreadTestCommeet|05/06/2023 21:53|Re: Thread12|False
23|1|3|ThreadTestCommeet|05/06/2023 21:53|Re: Thread12|False
24|1|3|ThreadTestCommeet|05/06/2023 21:53|Re: Thread12|False
25|1|3|ThreadTestCommeet|05/06/2023 21:53|Re: Thread12|False
26|1|3|ThreadTestCommeet|05/06/2023 21:53|Re: Thread12|False
27|1|3|ThreadTestCommeet|05/06/2023 21:53|Re: Thread12|False
28|1|3|ThreadTestCommeet|05/06/2023 21:53|Re: Thread12|False
29|1|3|ThreadTestCommeet|05/06/2023 21:53|Re: Thread12|False
30|1|3|ThreadTestCommeet|05/06/2023 21:53|Re: Thread12|False
31|1|3|ThreadTestCommeet|05/06/2023 21:53|Re: Thread12|False
32|1|3|ThreadTestCommeet|05/06/2023 21:53|Re: Thread12|False
33|1|1|1234|05/06/2023 21:58|Test1234|True
34|4|1|Bucharest Threadolino|05/06/2023 22:03|Threadolino|False
